Product Name,Ratings,Reviews
Mobile,5,Awesome
Mobile,5,Awesome
Mobile,5,Brilliant
Mobile,4,Classy product
Mobile,5,disoppointed
Mobile,3,disoppointed
Mobile,5,disoppointed
Mobile,5,disoppointed
Mobile,5,Does the job
Mobile,5,Does the job
Mobile,4,Does the job
Mobile,5,Does the job
Mobile,5,Fabulous
Mobile,4,Fabulous
Mobile,5,Fabulous
Mobile,5,Fabulous
Mobile,4,Fabulous
Mobile,5,Fabulous
Mobile,5,Fabulous
Mobile,4,Good choice
Mobile,4,Good choice
Mobile,5,Good choice
Mobile,5,Great product
Mobile,5,Great product
Mobile,4,Great product
Mobile,5,Just wow
Mobile,4,Just wow
Mobile,4,Just wow
Mobile,4,Just wow
Mobile,4,Mind-blowing purchase
Mobile,4,Mind-blowing purchase
Mobile,4,Mind-blowing purchase
Mobile,5,Mind-blowing purchase
Mobile,4,Mind-blowing purchase
Mobile,5,Nice product
Mobile,4,Nice product
Mobile,4,Really Nice
Mobile,5,Really Nice
Mobile,5,Simply awesome
Mobile,3,Super
Mobile,4,Super
Mobile,5,Super
Mobile,5,Super
Mobile,5,Terrific
Mobile,5,Terrific
Mobile,5,Terrific purchase
Mobile,5,Terrific purchase
Mobile,5,Very Good
Mobile,4,Very Good
Mobile,4,Very Good
Mobile,3,Very Good
Mobile,4,Very Good
Mobile,3,Very Good
Mobile,4,Very Good
Mobile,5,Very Good
Mobile,5,Very Good
Mobile,5,Worth every penny
Mobile,5,Worth the money
Mobile,5,Worth the money
Mobile,5,Worth the money
Mobile,5,Worth the money
Mobile,5,Worth the money
Laptop,5,Awesome
Laptop,5,Awesome
Laptop,5,Awesome
Laptop,5,Awesome
Laptop,5,Awesome
Laptop,5,Best in the market!
Laptop,5,Best in the market!
Laptop,5,Best in the market!
Laptop,5,Best in the market!
Laptop,5,Best in the market!
Laptop,5,Best in the market!
Laptop,5,BEST OPTION UNDER 45000.
Laptop,5,Classy product
Laptop,5,Classy product
Laptop,5,Classy product
Laptop,4,Delightful
Laptop,4,Delightful
Laptop,5,Excellent
Laptop,5,Excellent
Laptop,5,Excellent
Laptop,5,Excellent
Laptop,5,Fabulous!
Laptop,3,Good
Laptop,4,Good choice
Laptop,5,Good quality product
Laptop,5,Great product
Laptop,5,Great product
Laptop,5,Great product
Laptop,5,Highly recommended
Laptop,5,Highly recommended
Laptop,5,Highly recommended
Laptop,5,Just wow!
Laptop,5,Just wow!
Laptop,5,Just wow!
Laptop,5,Mind-blowing purchase
Laptop,5,Mind-blowing purchase
Laptop,5,Mind-blowing purchase
Laptop,5,Mind-blowing purchase
Laptop,5,Mind-blowing purchase
Laptop,5,Mind-blowing purchase
Laptop,5,Must buy!
Laptop,3,Nice
Laptop,4,Nice product
Laptop,4,Nice product
Laptop,5,Perfect product!
Laptop,5,Perfect product!
Laptop,4,Pretty good
Laptop,5,Simply awesome
Laptop,5,Simply awesome
Laptop,5,Super!
Laptop,5,Terrific
Laptop,4,Terrific purchase
Laptop,5,Value-for-money
Laptop,5,Wonderful
Laptop,4,Wonderful
Laptop,4,Wonderful
Laptop,4,Wonderful
Laptop,5,Wonderful
Laptop,5,Wonderful
Laptop,5,Worth every penny
Laptop,4,Worth every penny
Laptop,4,Worth the money
Laptop,3,Worthless
Watches,5,Awesome
Watches,5,Awesome
Watches,5,Best in the market!
Watches,5,Brilliant
Watches,5,Brilliant
Watches,5,Brilliant
Watches,5,Brilliant
Watches,5,Brilliant
Watches,5,Brilliant
Watches,5,Brilliant
Watches,5,Classy product
Watches,5,Classy product
Watches,5,Excellent
Watches,5,Fabulous!
Watches,5,Fabulous!
Watches,5,Fabulous!
Watches,5,Fabulous!
Watches,5,Fabulous!
Watches,5,Fabulous!
Watches,5,Fabulous!
Watches,5,Fabulous!
Watches,3,Fair
Watches,3,Good
Watches,3,Good
Watches,5,Great product
Watches,3,Just okay
Watches,5,Mind-blowing purchase
Watches,3,Nice
Watches,4,Nice product
Watches,4,Not good
Watches,5,Perfect product!
Watches,5,Super!
Watches,5,Terrific
Watches,5,Terrific
Watches,5,Terrific purchase
Watches,5,Terrific purchase
Watches,4,Very Good
Watches,5,Wonderful
Watches,4,Wonderful
Watches,4,Wonderful
Watches,4,Wonderful
Watches,5,Wonderful
Watches,5,Worth every penny
Watches,5,Worth every penny
Watches,5,Worth every penny
Camera,2,Waste of money!
Camera,3,Fair
Camera,3,Slightly disappointed
Camera,3,Wonderful
Camera,3,Good quality product
Camera,3,Classy product
Camera,4,Worth the money
Camera,4,Really Nice
Camera,4,Good choice for the money
Camera,4,Worth the money
Camera,4,Nice product
Camera,4,Pretty good
Camera,4,Best camera in its price point
Camera,4,Value-for-money
Camera,4,Delightful
Camera,4,Wonderful
Camera,4,Pretty good
Camera,4,Best camera in its price point
Camera,4,Worth the money
Camera,4,Utterly Disappointed
Camera,4,Brilliant
Camera,4,Mind-blowing purchase
Camera,4,Great product
Camera,4,Super!
Camera,4,Best in the market!
Camera,5,Great product
Camera,5,Excellent
Camera,5,Terrific purchase
Camera,5,Great product
Camera,5,Must buy!
Camera,5,Wonderful
Camera,5,Brilliant
Camera,5,Brilliant
Camera,5,Wonderful
Camera,5,Simply awesome
Camera,5,Terrific purchase
Camera,5,Worth every penny
Camera,5,Terrific purchase
Camera,5,Wonderful
Camera,5,Mind-blowing purchase
Camera,5,Worth every penny
Camera,5,Perfect product!
Camera,5,Highly recommended
Camera,5,Worth every penny
Camera,5,Terrific
Camera,5,Great product
Camera,5,Great product
Camera,5,Super!
Camera,5,Best in the market!
Camera,5,Brilliant
Camera,5,Just wow!
Camera,5,Could be way better
Camera,5,Absolute rubbish!
Camera,5,Excellent
Camera,5,Just wow!
Camera,5,Good quality product
Camera,5,Classy product
Camera,5,Great product
Camera,5,Great product
Camera,5,Super!
Camera,5,Just wow!
Camera,5,Just wow!
Camera,5,Awesome
Camera,5,Best in the market!
Camera,5,Best in the market!
Camera,5,Nice product
Camera,5,Great product
Camera,5,Worth every penny
Camera,5,Mind-blowing purchase
Camera,5,Nice product
Camera,5,Great product
Camera,5,Super!
Camera,5,Just wow!
Camera,5,Good quality product
Camera,5,Classy product
Camera,5,Very poor
Camera,5,Best in the market!
Camera,5,Just wow!
Camera,5,Great product
Camera,5,Great product
Camera,5,Nice
Camera,5,Brilliant
Headphones,5,Awesome
Headphones,5,Awesome
Headphones,5,Awesome
Headphones,5,Awesome
Headphones,5,Awesome
Headphones,5,Best Bluetooth headphones for the price
Headphones,5,Best in the market!
Headphones,4,Best in the market!
Headphones,5,Brilliant
Headphones,5,Brilliant
Headphones,5,Brilliant
Headphones,5,Brilliant
Headphones,5,Brilliant
Headphones,5,Brilliant
Headphones,4,Brilliant
Headphones,5,Classy product
Headphones,5,Classy product
Headphones,5,Classy product
Headphones,5,Delightful
Headphones,3,Does the job
Headphones,3,Does the job
Headphones,3,Does the job
Headphones,5,Does the job
Headphones,5,Excellent
Headphones,5,Excellent
Headphones,5,Excellent
Headphones,5,Excellent
Headphones,5,Excellent
Headphones,5,Excellent
Headphones,5,Excellent
Headphones,5,Fabulous!
Headphones,5,Fabulous!
Headphones,5,Fabulous!
Headphones,4,Fabulous!
Headphones,3,Good
Headphones,5,Good quality product
Headphones,5,Great product
Headphones,5,Great product
Headphones,5,Great product
Headphones,5,Great product
Headphones,5,Great product
Headphones,5,Great product
Headphones,5,Great product
Headphones,5,Great product
Headphones,5,Highly recommended
Headphones,5,Just wow!
Headphones,5,Just wow!
Headphones,5,Just wow!
Headphones,5,Just wow!
Headphones,3,Just wow!
Headphones,5,Mind-blowing purchase
Headphones,5,Mind-blowing purchase
Headphones,5,Mind-blowing purchase
Headphones,5,Mind-blowing purchase
Headphones,5,Mind-blowing purchase
Headphones,5,Mind-blowing purchase
Headphones,5,Mind-blowing purchase
Headphones,5,Must buy!
Headphones,5,Must buy!
Headphones,5,Must buy!
Headphones,5,Must buy!
Headphones,4,Nice product
Headphones,4,Nice product
Headphones,4,Nice product
Headphones,5,Not recommended at all
Headphones,5,Perfect product!
Headphones,5,Perfect product!
Headphones,5,Perfect product!
Headphones,5,Perfect product!
Headphones,4,Perfect product!
Headphones,5,Perfect product!
Headphones,5,Perfect product!
Headphones,5,Pretty good
Headphones,4,Really Nice
Headphones,5,Simply awesome
Headphones,5,Simply awesome
Headphones,5,Simply awesome
Headphones,4,Simply awesome
Headphones,5,Super!
Headphones,5,Super!
Headphones,5,Super!
Headphones,5,Super!
Headphones,4,Super!
Headphones,5,Terrific
Headphones,5,Terrific
Headphones,5,Terrific
Headphones,5,Terrific
Headphones,5,Terrific
Headphones,5,Terrific purchase
Headphones,5,Terrific purchase
Headphones,5,Terrific purchase
Headphones,5,Terrific purchase
Headphones,4,Terrific purchase
Headphones,5,Utterly Disappointed
Headphones,4,Value-for-money
Headphones,5,Very Good
Headphones,5,Very Good
Headphones,5,Wonderful
Headphones,5,Wonderful
Headphones,5,Wonderful
Headphones,4,Wonderful
Headphones,4,Wonderful
Headphones,5,Wonderful
Headphones,5,Wonderful
Headphones,5,Wonderful
Headphones,5,Wonderful
Headphones,4,Worth every penny
Headphones,5,Worth every penny
Headphones,5,Worth every penny
Headphones,4,Worth every penny
Headphones,4,Worth every penny
Headphones,5,Worth every penny
Headphones,4,Worth the money
Headphones,5,Worth the money
Headphones,5,Worth the money
Headphones,5,Worth the money
Monitors,5,Awesome
Monitors,5,Best in the market!
Monitors,5,Best in the market!
Monitors,5,Brilliant
Monitors,5,Brilliant
Monitors,5,Brilliant
Monitors,5,Classy product
Monitors,5,Classy product
Monitors,5,Classy product
Monitors,5,Classy product
Monitors,5,Classy product
Monitors,5,Classy product
Monitors,5,Classy product
Monitors,5,Classy product
Monitors,5,Classy product
Monitors,4,Delightful
Monitors,4,Delightful
Monitors,5,Excellent
Monitors,5,Excellent
Monitors,5,Fabulous!
Monitors,4,Good choice
Monitors,4,Good quality product
Monitors,4,Good quality product
Monitors,4,Good quality product
Monitors,4,Good quality product
Monitors,5,Great monitor the price.
Monitors,5,Great product at this price range
Monitors,5,Highly recommended
Monitors,5,Just wow!
Monitors,5,Just wow!
Monitors,5,Just wow!
Monitors,3,Medium quality
Monitors,5,Mind-blowing purchase
Monitors,5,Mind-blowing purchase
Monitors,5,Mind-blowing purchase
Monitors,5,Mind-blowing purchase
Monitors,5,Must buy!
Monitors,5,Must buy!
Monitors,4,Nice product
Monitors,5,Perfect bang for the buck!
Monitors,5,Perfect product!
Monitors,5,Perfect product!
Monitors,5,Perfect product!
Monitors,5,Perfect product!
Monitors,4,Pretty good
Monitors,5,Simply awesome
Monitors,5,Simply awesome
Monitors,5,Simply awesome
Monitors,5,Super!
Monitors,5,Super!
Monitors,5,Superb
Monitors,4,Terrible product
Monitors,5,Terrific
Monitors,5,Terrific
Monitors,5,Terrific purchase
Monitors,4,Value-for-money
Monitors,4,Value-for-money
Monitors,4,Very Good
Monitors,4,Very Good
Monitors,5,Wonderful
Monitors,5,Wonderful
Monitors,5,Worth every penny
Monitors,4,Worth the money
Printers,5,Awesome
Printers,5,All in one and value for money
Printers,4,Amazing printer for home use
Printers,5,Awesome
Printers,3,Bad quality
Printers,5,BEST FROM HP
Printers,4,Best in the market!
Printers,5,Brilliant
Printers,5,Brilliant
Printers,5,Brilliant
Printers,5,Brilliant
Printers,4,Brilliant
Printers,3,Brilliant
Printers,5,Brilliant
Printers,4,Delightful
Printers,4,Did not meet expectations
Printers,4,Excellent
Printers,5,Excellent
Printers,5,Excellent
Printers,5,Excellent
Printers,5,Excellent
Printers,5,Excellent
Printers,5,Excellent
Printers,5,Excellent
Printers,5,Excellent
Printers,5,Excellent
Printers,5,Excellent
Printers,4,Excellent
Printers,5,Excellent
Printers,5,Extremely good printer
Printers,5,Fabulous!
Printers,5,Fabulous!
Printers,5,Fair
Printers,5,Good
Printers,4,Good
Printers,5,Good but read this before you buy
Printers,5,Good choice
Printers,5,Good choice
Printers,5,"good product, worth buying"
Printers,4,Good quality product
Printers,4,Good quality product
Printers,5,Good quality product
Printers,4,Good quality product
Printers,5,Great
Printers,5,Great
Printers,5,Great
Printers,5,Great
Printers,1,Hated it!
Printers,4,Hated it!
Printers,4,Hated it!
Printers,5,Highly recommended
Printers,3,Highly recommended
Printers,5,Highly recommended
Printers,5,Highly recommended
Printers,5,Highly recommended
Printers,5,Horrible
Printers,5,InkTank Vs Laser
Printers,5,Moderate
Printers,5,Must buy!
Printers,5,Must buy!
Printers,5,Must buy!
Printers,5,Must buy!
Printers,5,Must buy!
Printers,5,Nice product
Printers,5,Nice product for Home Use
Printers,5,Perfect product!
Printers,3,Perfect product!
Printers,4,Perfect product!
Printers,5,Perfect product!
Printers,5,Personal Xerox Machine.
Printers,4,Pretty good
Printers,5,Pretty good
Printers,5,Really Nice
Printers,5,Really Nice
Printers,4,"Simple, Beautiful, Elegant, Stylish....."
Printers,4,Simply awesome
Printers,4,Simply awesome
Printers,4,Simply awesome
Printers,5,Simply awesome!
Printers,4,Slightly disappointed
Printers,5,Super!
Printers,5,Super!
Printers,5,Super!
Printers,4,Super!
Printers,5,Super!
Printers,5,Super!
Printers,4,Super!
Printers,5,Terrific
Printers,5,Terrific
Printers,5,Terrific purchase
Printers,3,Terrific purchase
Printers,2,Unsatisfactory
Printers,4,Unsatisfactory
Printers,1,Useless product
Printers,5,Useless product
Printers,5,Value for money product
Printers,4,Value-for-money
Printers,5,Value-for-money
Printers,4,Value-for-money
Printers,5,Value-for-money
Printers,5,Value-for-money
Printers,4,Very Good
Printers,1,Waste of money!
Printers,1,Waste of money!
Printers,5,Wonderful
Printers,1,Worst experience ever!
Printers,4,Worth every penny
Printers,5,Worth every penny
Printers,4,Worth every penny
Printers,4,Worth every penny
Printers,4,Worth every penny
Printers,4,Worth the money
